TrackID,TrackState,Filtered,timestamp,xPos,xSpeed,yPos,ySpeed,Sensor
18,CONFIRMED,2,17:41:38600,365738.299601,0.148823646915,3277984.93886,-10.7056985359,DSRC
18,CONFIRMED,1,17:41:38600,365738.299601,0.148823646915,3277987.58423,-10.6229713203,DSRC
18,CONFIRMED,0,17:41:38600,365738.281917,0.130233228904,3277990.98245,-10.6592044406,DSRC
18,CONFIRMED,2,17:41:38800,365738.249526,0.131238545689,3277983.02128,-10.7292324322,DSRC
18,CONFIRMED,1,17:41:38800,365738.249526,0.131238545689,3277986.40116,-10.6037871606,DSRC
18,CONFIRMED,0,17:41:38800,365738.237222,0.0626744109933,3277988.86605,-10.6398154081,DSRC
18,CONFIRMED,2,17:41:39000,365738.20587,0.13256720179,3277980.87413,-10.742204665,DSRC
18,CONFIRMED,1,17:41:39000,365738.20587,0.13256720179,3277984.50246,-10.6483728722,DSRC
18,CONFIRMED,0,17:41:39000,365738.201813,0.084193817527,3277986.71629,-10.71966937,DSRC
18,CONFIRMED,2,17:41:39400,365738.146656,0.0888685708566,3277978.73072,-10.6919688203,DSRC
18,CONFIRMED,1,17:41:39400,365738.146656,0.0888685708566,3277983.33181,-10.6400560829,DSRC
18,CONFIRMED,0,17:41:39400,365738.130728,0.0541922458602,3277982.3946,-10.7998640362,DSRC
18,CONFIRMED,2,17:41:39600,365738.142589,0.225941558231,3277976.58122,-10.8029779129,DSRC
18,CONFIRMED,1,17:41:39600,365738.142589,0.225941558231,3277981.20455,-10.6324782007,DSRC
18,CONFIRMED,0,17:41:39600,NaN,NaN,NaN,NaN,DSRC
18,CONFIRMED,2,17:41:39600,365738.091,0.139242286108,3277974.42548,-10.7544456662,DSRC
18,CONFIRMED,1,17:41:39600,365738.091,0.139242286108,3277978.73211,-10.8189164119,DSRC
18,CONFIRMED,0,17:41:39600,365738.085371,0.0284837408551,3277980.22279,-10.8799627148,DSRC
18,CONFIRMED,2,17:41:40000,365738.03969,0.0794849382463,3277972.27967,-10.7036172128,DSRC
18,CONFIRMED,1,17:41:40000,365738.03969,0.0794849382463,3277976.36785,-10.8285906503,DSRC
18,CONFIRMED,0,17:41:40000,365738.023968,0.056653128656,3277975.90098,-10.8198516821,DSRC
18,CONFIRMED,2,17:41:40200,365737.994382,0.0772970652334,3277970.14175,-10.6756361864,DSRC
18,CONFIRMED,1,17:41:40200,365737.994382,0.0772970652334,3277974.31187,-10.7415539092,DSRC
18,CONFIRMED,0,17:41:40200,365737.978743,0.0448504700136,3277973.74025,-10.8199070437,DSRC
18,CONFIRMED,2,17:41:40400,365737.958996,0.0350424290212,3277967.799,-10.745149481,DSRC
18,CONFIRMED,1,17:41:40400,365737.958996,0.0350424290212,3277972.26225,-10.6993933509,DSRC
18,CONFIRMED,0,17:41:40400,365737.952883,0.00942477676454,3277971.57929,-10.7999958877,DSRC
18,CONFIRMED,2,17:41:40600,365737.941319,0.153641147136,3277965.44287,-10.7832807698,DSRC
18,CONFIRMED,1,17:41:40600,365737.941319,0.153641147136,3277970.32338,-10.7305558575,DSRC
18,CONFIRMED,0,17:41:40600,365737.927024,0.0376990352844,3277969.41833,-10.7999342027,DSRC
18,CONFIRMED,2,17:41:40800,365737.893181,0.125205563121,3277963.46762,-10.7925899833,DSRC
18,CONFIRMED,1,17:41:40800,365737.893181,0.125205563121,3277967.7477,-10.7789878552,DSRC
18,CONFIRMED,0,17:41:40800,365737.881799,0.0376990352844,3277967.2576,-10.7999342027,DSRC
18,CONFIRMED,2,17:41:41000,365737.862032,0.0741718929896,3277961.41204,-10.819011421,DSRC
18,CONFIRMED,1,17:41:41000,365737.862032,0.0741718929896,3277965.26036,-10.7532900636,DSRC
18,CONFIRMED,0,17:41:41000,365737.856072,0.0282219417664,3277965.10772,-10.7799630575,DSRC
18,CONFIRMED,2,17:41:41200,365737.835503,0.0126575103005,3277959.39019,-10.8200023382,DSRC
18,CONFIRMED,1,17:41:41200,365737.835503,0.0126575103005,3277962.47172,-10.785625371,DSRC
18,CONFIRMED,0,17:41:41200,365737.830212,0.0352774045404,3277962.94676,-10.7799422774,DSRC
18,CONFIRMED,2,17:41:41400,365737.815804,0.0605938397567,3277957.31017,-10.8206092751,DSRC
18,CONFIRMED,1,17:41:41400,365737.815804,0.0605938397567,3277960.26806,-10.8170520553,DSRC
18,CONFIRMED,0,17:41:41400,365737.804352,0.0212057367859,3277960.7858,-10.7999791813,DSRC
18,CONFIRMED,2,17:41:41600,365737.778547,0.00490888155702,3277955.137,-10.7787472497,DSRC
18,CONFIRMED,1,17:41:41600,365737.778547,0.00490888155702,3277957.77026,-10.8119589415,DSRC
18,CONFIRMED,0,17:41:41600,365737.769075,0.0467746755325,3277958.64712,-10.7198979533,DSRC
18,CONFIRMED,2,17:41:41800,365737.755525,-0.0247598435857,3277952.87392,-10.8222683274,DSRC
18,CONFIRMED,1,17:41:41800,365737.755525,-0.0247598435857,3277955.80742,-10.7650146873,DSRC
18,CONFIRMED,0,17:41:41800,365737.74348,0.00935496360332,3277956.50832,-10.7199959181,DSRC
18,CONFIRMED,2,17:41:42000,365737.72344,0.0866170447392,3277950.61632,-10.7402810005,DSRC
18,CONFIRMED,1,17:41:42000,365737.72344,0.0866170447392,3277953.68668,-10.7536018068,DSRC
18,CONFIRMED,0,17:41:42000,365737.698255,0.0749787356001,3277954.34759,-10.7397382738,DSRC
18,CONFIRMED,2,17:41:42200,365737.683117,0.0532462077002,3277948.43381,-10.7405374433,DSRC
18,CONFIRMED,1,17:41:42200,365737.683117,0.0532462077002,3277951.75839,-10.6654446782,DSRC
18,CONFIRMED,0,17:41:42200,365737.672528,0.0466874093468,3277952.19771,-10.6998981437,DSRC
18,CONFIRMED,2,17:41:42400,365737.644456,0.119135110591,3277946.17741,-10.7037071212,DSRC
18,CONFIRMED,1,17:41:42400,365737.644456,0.119135110591,3277949.92689,-10.5498914561,DSRC
18,CONFIRMED,0,17:41:42400,365737.627834,0.0676965067265,3277950.08131,-10.6997858475,DSRC
18,CONFIRMED,2,17:41:42600,365737.611369,-0.00168910379429,3277944.01206,-10.7426508693,DSRC
18,CONFIRMED,1,17:41:42600,365737.611369,-0.00168910379429,3277947.87879,-10.5950373067,DSRC
18,CONFIRMED,0,17:41:42600,365737.602107,0.0163100955201,3277947.93143,-10.6799875459,DSRC
18,CONFIRMED,2,17:41:42800,365737.581217,-0.014094262821,3277941.97274,-10.6925888335,DSRC
18,CONFIRMED,1,17:41:42800,365737.581217,-0.014094262821,3277945.22157,-10.6328190772,DSRC
18,CONFIRMED,0,17:41:42800,365737.567095,0.050972145099,3277945.81491,-10.6198776754,DSRC
18,CONFIRMED,2,17:41:43000,365737.557164,0.0206756941083,3277940.00757,-10.6158998598,DSRC
18,CONFIRMED,1,17:41:43000,365737.557164,0.0206756941083,3277942.99297,-10.5936208066,DSRC
18,CONFIRMED,0,17:41:43000,365737.541633,0.0139277234535,3277943.6872,-10.6399908843,DSRC
18,CONFIRMED,2,17:41:43200,365737.515164,0.122186536491,3277937.97834,-10.5870077295,DSRC
18,CONFIRMED,1,17:41:43200,365737.515164,0.122186536491,3277941.16204,-10.5705724084,DSRC
18,CONFIRMED,0,17:41:43200,365737.496807,0.0832513494203,3277941.55971,-10.599673071,DSRC
18,CONFIRMED,2,17:41:43400,365737.478297,0.10919399595,3277935.7331,-10.5932351842,DSRC
18,CONFIRMED,1,17:41:43400,365737.478297,0.10919399595,3277938.77519,-10.6432616559,DSRC
18,CONFIRMED,0,17:41:43400,365737.471477,0.0370009050014,3277939.44308,-10.5999354212,DSRC
18,CONFIRMED,2,17:41:43600,365737.451639,-0.0267838073526,3277933.63617,-10.5938589131,DSRC
18,CONFIRMED,1,17:41:43600,365737.451639,-0.0267838073526,3277936.44935,-10.6442852504,DSRC
18,CONFIRMED,0,17:41:43600,365737.446281,0.0323147208571,3277937.33753,-10.5799506501,DSRC
18,CONFIRMED,2,17:41:43800,365737.415502,-0.0573224458483,3277931.48363,-10.6324962089,DSRC
18,CONFIRMED,1,17:41:43800,365737.415502,-0.0573224458483,3277934.39878,-10.5582166676,DSRC
18,CONFIRMED,0,17:41:43800,365737.401719,0.0550823395065,3277935.23221,-10.5198557944,DSRC
18,CONFIRMED,2,17:41:44000,365737.391788,-0.0660276391379,3277929.28817,-10.5537595057,DSRC
18,CONFIRMED,1,17:41:44000,365737.391788,-0.0660276391379,3277932.12893,-10.6439295229,DSRC
18,CONFIRMED,0,17:41:44000,365737.376523,0.0321314615706,3277933.12665,-10.51995093,DSRC
18,CONFIRMED,2,17:41:44400,365737.333457,0.0365942552028,3277927.25031,-10.4903115145,DSRC
18,CONFIRMED,1,17:41:44400,365737.333457,0.0365942552028,3277930.03098,-10.5280470975,DSRC
18,CONFIRMED,0,17:41:44400,365737.297215,0.0548729009533,3277928.92698,-10.4798563428,DSRC
18,CONFIRMED,2,17:41:44400,365737.307667,0.00456672784079,3277925.13197,-10.5158069157,DSRC
18,CONFIRMED,1,17:41:44400,365737.307667,0.00456672784079,3277927.9109,-10.5234394677,DSRC
18,CONFIRMED,0,17:41:44400,365737.297215,0.0548729009533,3277928.92698,-10.4798563428,DSRC
18,CONFIRMED,2,17:41:44600,365737.268184,0.0796863593082,3277923.04935,-10.5134270704,DSRC
18,CONFIRMED,1,17:41:44600,365737.268184,0.0796863593082,3277925.65302,-10.5004949942,DSRC
18,CONFIRMED,0,17:41:44600,365737.252653,0.091454092023,3277926.82166,-10.4796009537,DSRC
18,CONFIRMED,2,17:41:44800,365737.2245,0.0771855889348,3277920.94054,-10.5159274573,DSRC
18,CONFIRMED,1,17:41:44800,365737.2245,0.0771855889348,3277923.33179,-10.399317768,DSRC
18,CONFIRMED,0,17:41:44800,365737.21804,0.0501082104363,3277924.73839,-10.4398797487,DSRC
18,CONFIRMED,2,17:41:45000,365737.187322,0.149537660878,3277918.83853,-10.5041665958,DSRC
18,CONFIRMED,1,17:41:45000,365737.187322,0.149537660878,3277921.07085,-10.4056357577,DSRC
18,CONFIRMED,0,17:41:45000,365737.173743,0.0863840817999,3277922.65523,-10.4196419224,DSRC
18,CONFIRMED,2,17:41:45200,365737.141568,0.0629799094523,3277916.67665,-10.5175562009,DSRC
18,CONFIRMED,1,17:41:45200,365737.141568,0.0629799094523,3277919.02365,-10.3120887874,DSRC
18,CONFIRMED,0,17:41:45200,365737.12958,0.0545587431234,3277920.58316,-10.4198571652,DSRC
18,CONFIRMED,2,17:41:45600,365737.093498,0.0133677302205,3277914.51928,-10.4414932399,DSRC
18,CONFIRMED,1,17:41:45600,365737.093498,0.0133677302205,3277916.93322,-10.3691143244,DSRC
18,CONFIRMED,0,17:41:45600,365737.069902,0.0452911503757,3277916.40542,-10.3799011899,DSRC
18,CONFIRMED,2,17:41:45600,365737.075181,-0.033218430994,3277912.31667,-10.4100297015,DSRC
18,CONFIRMED,1,17:41:45600,365737.075181,-0.033218430994,3277915.06552,-10.3361531398,DSRC
18,CONFIRMED,0,17:41:45600,365737.069902,0.0452911503757,3277916.40542,-10.3799011899,DSRC
18,CONFIRMED,2,17:41:45800,365737.041768,0.0273841421677,3277910.30309,-10.4250079509,DSRC
18,CONFIRMED,1,17:41:45800,365737.041768,0.0273841421677,3277913.2484,-10.400395644,DSRC
18,CONFIRMED,0,17:41:45800,365737.025871,0.0747299896689,3277914.34442,-10.3797309902,DSRC
18,CONFIRMED,2,17:41:46000,365737.016503,0.0341649062745,3277908.22557,-10.414560231,DSRC
18,CONFIRMED,1,17:41:46000,365737.016503,0.0341649062745,3277911.10085,-10.3712565636,DSRC
18,CONFIRMED,0,17:41:46000,365737.001073,0.0565047543837,3277912.27212,-10.3598459068,DSRC
18,CONFIRMED,2,17:41:46200,365736.981978,0.0821427481886,3277906.05868,-10.3551458527,DSRC
18,CONFIRMED,1,17:41:46200,365736.981978,0.0821427481886,3277909.09149,-10.39601302,DSRC
18,CONFIRMED,0,17:41:46200,365736.966592,0.0541398660169,3277910.19993,-10.3398582618,DSRC
18,CONFIRMED,2,17:41:46400,365736.934674,-0.00960165584,3277904.00688,-10.2946425752,DSRC
18,CONFIRMED,1,17:41:46400,365736.934674,-0.00960165584,3277907.06436,-10.3356432153,DSRC
18,CONFIRMED,0,17:41:46400,365736.922561,0.0607894663018,3277908.13893,-10.3198209597,DSRC
18,CONFIRMED,2,17:41:46600,365736.914567,0.126243517206,3277902.01831,-10.2693407819,DSRC
18,CONFIRMED,1,17:41:46600,365736.914567,0.126243517206,3277905.02661,-10.334868021,DSRC
18,CONFIRMED,0,17:41:46600,365736.898027,0.0584245834054,3277906.08879,-10.2998342981,DSRC
18,CONFIRMED,2,17:41:47000,365736.839823,0.167885435153,3277899.95374,-10.2515492697,DSRC
18,CONFIRMED,1,17:41:47000,365736.839823,0.167885435153,3277903.02894,-10.3153496354,DSRC
18,CONFIRMED,0,17:41:47000,365736.809966,0.0471891745666,3277901.96681,-10.2998919015,DSRC
18,CONFIRMED,2,17:41:47000,365736.807523,0.039186810654,3277897.90056,-10.2918463746,DSRC
18,CONFIRMED,1,17:41:47000,365736.807523,0.039186810654,3277900.94158,-10.299461319,DSRC
18,CONFIRMED,0,17:41:47000,365736.809966,0.0471891745666,3277901.96681,-10.2998919015,DSRC
18,CONFIRMED,2,17:41:47200,365736.786234,0.0342896113195,3277895.82926,-10.303900602,DSRC
18,CONFIRMED,1,17:41:47200,365736.786234,0.0342896113195,3277898.74248,-10.306449463,DSRC
18,CONFIRMED,0,17:41:47200,365736.785432,0.067151063545,3277899.91666,-10.2597802479,DSRC
18,CONFIRMED,2,17:41:47400,365736.759308,-0.00149398191273,3277893.89502,-10.338353632,DSRC
18,CONFIRMED,1,17:41:47400,365736.759308,-0.00149398191273,3277896.90527,-10.2775645431,DSRC
18,CONFIRMED,0,17:41:47400,365736.751216,0.0447675532615,3277897.86664,-10.2599023322,DSRC
18,CONFIRMED,2,17:41:47600,365736.738494,0.0431214270961,3277891.76821,-10.3238996907,DSRC
18,CONFIRMED,1,17:41:47600,365736.738494,0.0431214270961,3277894.87593,-10.2910465156,DSRC
18,CONFIRMED,0,17:41:47600,365736.726683,0.0535115503571,3277895.81649,-10.2198599068,DSRC
18,CONFIRMED,2,17:41:47800,365736.696764,0.0998847535037,3277889.62134,-10.2930927841,DSRC
18,CONFIRMED,1,17:41:47800,365736.696764,0.0998847535037,3277892.89529,-10.2216289698,DSRC
18,CONFIRMED,0,17:41:47800,365736.682785,0.0645331185617,3277893.76658,-10.1997958547,DSRC
18,CONFIRMED,2,17:41:48000,365736.654616,0.055508814511,3277887.55173,-10.4029710781,DSRC
18,CONFIRMED,1,17:41:48000,365736.654616,0.055508814511,3277890.91046,-10.3218321918,DSRC
18,CONFIRMED,0,17:41:48000,365736.639152,0.0758076808803,3277891.73884,-10.2197188413,DSRC
18,CONFIRMED,2,17:41:48400,365736.604746,0.113733419911,3277885.46762,-10.4381389991,DSRC
18,CONFIRMED,1,17:41:48400,365736.604746,0.113733419911,3277888.6755,-10.2811720933,DSRC
18,CONFIRMED,0,17:41:48400,365736.580801,0.0442439561473,3277887.67191,-10.1399034745,DSRC
18,CONFIRMED,2,17:41:48400,365736.584041,0.0854425783121,3277883.37238,-10.5142768382,DSRC
18,CONFIRMED,1,17:41:48400,365736.584041,0.0854425783121,3277886.93013,-10.1689732102,DSRC
18,CONFIRMED,0,17:41:48400,365736.580801,0.0442439561473,3277887.67191,-10.1399034745,DSRC
18,CONFIRMED,2,17:41:48600,365736.561971,0.0977933939285,3277881.19197,-10.5142580277,DSRC
18,CONFIRMED,1,17:41:48600,365736.561971,0.0977933939285,3277884.741,-10.1642908101,DSRC
18,CONFIRMED,0,17:41:48600,365736.556533,0.0709296046273,3277885.64394,-10.159752408,DSRC
18,CONFIRMED,2,17:41:48800,365736.524621,0.0905352362706,3277879.07896,-10.441002026,DSRC
18,CONFIRMED,1,17:41:48800,365736.524621,0.0905352362706,3277882.37624,-10.196949825,DSRC
18,CONFIRMED,0,17:41:48800,365736.512767,0.052987953974,3277883.60511,-10.1198612775,DSRC
18,CONFIRMED,2,17:41:49000,365736.503645,0.0801613688926,3277876.97343,-10.5059105043,DSRC
18,CONFIRMED,1,17:41:49000,365736.503645,0.0801613688926,3277880.05614,-10.1550559916,DSRC
18,CONFIRMED,0,17:41:49000,365736.488764,0.0220783975235,3277881.59929,-10.1199759162,DSRC
18,CONFIRMED,2,17:41:49200,365736.47223,-0.0161436045172,3277874.82958,-10.4579708577,DSRC
18,CONFIRMED,1,17:41:49200,365736.47223,-0.0161436045172,3277878.36152,-10.0624015982,DSRC
18,CONFIRMED,0,17:41:49200,365736.464364,-0.0176278164956,3277879.56023,-10.0999846168,DSRC
18,CONFIRMED,2,17:41:49400,365736.452526,0.0385930735781,3277872.74396,-10.4381494963,DSRC
18,CONFIRMED,1,17:41:49400,365736.452526,0.0385930735781,3277876.06382,-10.0029359013,DSRC
18,CONFIRMED,0,17:41:49400,365736.440361,0.0330521137159,3277877.55442,-10.0999459186,DSRC
18,CONFIRMED,2,17:41:49800,365736.425444,0.0708950830015,3277870.65822,-10.3566760354,DSRC
18,CONFIRMED,1,17:41:49800,365736.425444,0.0708950830015,3277874.04039,-10.0422600099,DSRC
18,CONFIRMED,0,17:41:49800,365736.411455,-0.0459979915193,3277873.52039,-10.0398946302,DSRC
18,CONFIRMED,2,17:41:49800,365736.411607,0.000662765319813,3277868.50895,-9.99096588877,DSRC
18,CONFIRMED,1,17:41:49800,365736.411607,0.000662765319813,3277871.77004,-10.0313313367,DSRC
18,CONFIRMED,0,17:41:49800,365736.411455,-0.0459979915193,3277873.52039,-10.0398946302,DSRC
18,CONFIRMED,2,17:41:50000,365736.399437,0.00937938163091,3277866.78207,-9.96934546357,DSRC
18,CONFIRMED,1,17:41:50000,365736.399437,0.00937938163091,3277869.69355,-10.0248518549,DSRC
18,CONFIRMED,0,17:41:50000,365736.387585,-0.0175230967936,3277871.52566,-10.0399847082,DSRC
18,CONFIRMED,2,17:41:50200,365736.382432,-0.103970596124,3277864.99977,-9.9786911238,DSRC
18,CONFIRMED,1,17:41:50200,365736.382432,-0.103970596124,3277867.79664,-9.95290987225,DSRC
18,CONFIRMED,0,17:41:50200,365736.373264,-0.0613304884824,3277869.51973,-10.0398126761,DSRC
18,CONFIRMED,2,17:41:50400,365736.362951,-0.00136477176238,3277863.33435,-9.96877989168,DSRC
18,CONFIRMED,1,17:41:50400,365736.362951,-0.00136477176238,3277866.12705,-9.93091494831,DSRC
18,CONFIRMED,0,17:41:50400,365736.349394,-0.0305432144207,3277867.52499,-9.99995335549,DSRC
18,CONFIRMED,2,17:41:50600,365736.350276,-0.0305385751514,3277861.40979,-9.99106219333,DSRC
18,CONFIRMED,1,17:41:50600,365736.350276,-0.0305385751514,3277863.88957,-9.97028518253,DSRC
18,CONFIRMED,0,17:41:50600,365736.344889,-0.0458147325889,3277865.53003,-9.99989504996,DSRC
18,CONFIRMED,2,17:41:50800,365736.346314,0.0227499072836,3277859.56516,-10.0178515036,DSRC
18,CONFIRMED,1,17:41:50800,365736.346314,0.0227499072836,3277861.69759,-10.0605234024,DSRC
18,CONFIRMED,0,17:41:50800,365736.340119,-0.0457231031237,3277863.5129,-9.97989525986,DSRC
18,CONFIRMED,2,17:41:51200,365736.33161,-0.0790556919465,3277857.56732,-10.0060684429,DSRC
18,CONFIRMED,1,17:41:51200,365736.33161,-0.0790556919465,3277859.65838,-9.99290990615,DSRC
18,CONFIRMED,0,17:41:51200,365736.321691,-0.0912619895121,3277859.54525,-9.95958188125,DSRC
18,CONFIRMED,2,17:41:51200,365736.331967,-0.00762536420982,3277855.41938,-10.0182427984,DSRC
18,CONFIRMED,1,17:41:51200,365736.331967,-0.00762536420982,3277857.36244,-10.0561790272,DSRC
18,CONFIRMED,0,17:41:51200,365736.321691,-0.0912619895121,3277859.54525,-9.95958188125,DSRC
18,CONFIRMED,2,17:41:51400,365736.322355,0.0732225382764,3277853.45087,-9.89901036992,DSRC
18,CONFIRMED,1,17:41:51400,365736.322355,0.0732225382764,3277855.14945,-9.95273599936,DSRC
18,CONFIRMED,0,17:41:51400,365736.317186,-0.0477083919288,3277857.55029,-9.93988550786,DSRC
18,CONFIRMED,2,17:41:51600,365736.300937,0.0175359001954,3277851.48225,-9.88393100858,DSRC
18,CONFIRMED,1,17:41:51600,365736.300937,0.0175359001954,3277853.08035,-9.92541726588,DSRC
18,CONFIRMED,0,17:41:51600,365736.293448,-0.0649257846361,3277855.56663,-9.91978753011,DSRC
18,CONFIRMED,2,17:41:51800,365736.294386,-0.0838576745765,3277849.64838,-9.90198023773,DSRC
18,CONFIRMED,1,17:41:51800,365736.294386,-0.0838576745765,3277851.10706,-9.92422298865,DSRC
18,CONFIRMED,0,17:41:51800,365736.288943,-0.0692541021558,3277853.57167,-9.9197582566,DSRC
18,CONFIRMED,2,17:41:52000,365736.285578,-0.0708148582005,3277847.71486,-9.9182602791,DSRC
18,CONFIRMED,1,17:41:52000,365736.285578,-0.0708148582005,3277849.46753,-9.93206682858,DSRC
18,CONFIRMED,0,17:41:52000,365736.275021,-0.0519407612077,3277851.59898,-9.91986401909,DSRC
18,CONFIRMED,2,17:41:52200,365736.280574,-0.0390888834739,3277845.78952,-9.80532468393,DSRC
18,CONFIRMED,1,17:41:52200,365736.280574,-0.0390888834739,3277847.64611,-9.82031778883,DSRC
18,CONFIRMED,0,17:41:52200,365736.270781,-0.0581976673509,3277849.62618,-9.87982859323,DSRC
18,CONFIRMED,2,17:41:52600,365736.247014,-0.0769746076925,3277844.07363,-9.77667825291,DSRC
18,CONFIRMED,1,17:41:52600,365736.247014,-0.0769746076925,3277845.64437,-9.80134428727,DSRC
18,CONFIRMED,0,17:41:52600,365736.233121,-0.0429349633619,3277845.66985,-9.83990633029,DSRC
18,CONFIRMED,2,17:41:52600,365736.24599,-0.0258262700937,3277842.19931,-9.81439357554,DSRC
18,CONFIRMED,1,17:41:52600,365736.24599,-0.0258262700937,3277843.71145,-9.975887378,DSRC
18,CONFIRMED,0,17:41:52600,365736.233121,-0.0429349633619,3277845.66985,-9.83990633029,DSRC
18,CONFIRMED,2,17:41:52800,365736.23281,-0.0948610998089,3277840.22406,-9.8306401068,DSRC
18,CONFIRMED,1,17:41:52800,365736.23281,-0.0948610998089,3277841.84034,-9.88384369541,DSRC
18,CONFIRMED,0,17:41:52800,365736.229014,-0.0149967357685,3277843.70813,-9.81998854877,DSRC
18,CONFIRMED,2,17:41:53000,365736.20259,-0.0268912966615,3277838.26186,-9.79829336531,DSRC
18,CONFIRMED,1,17:41:53000,365736.20259,-0.0268912966615,3277839.90313,-9.81408332765,DSRC
18,CONFIRMED,0,17:41:53000,365736.18631,0.0342781968975,3277841.75795,-9.8199401732,DSRC
18,CONFIRMED,2,17:41:53400,365736.160484,0.0699811965033,3277836.4078,-9.81036715873,DSRC
18,CONFIRMED,1,17:41:53400,365736.160484,0.0699811965033,3277837.79583,-9.7835421914,DSRC
18,CONFIRMED,0,17:41:53400,365736.129683,0.0660078491056,3277837.8351,-9.75977678863,DSRC
18,CONFIRMED,2,17:41:53600,365736.105581,0.0431887754363,3277834.57377,-9.77590026824,DSRC
18,CONFIRMED,1,17:41:53600,365736.105581,0.0431887754363,3277835.31966,-9.82203149023,DSRC
18,CONFIRMED,0,17:41:53600,365736.087111,0.117108782554,3277835.896,-9.75929738931,DSRC
18,CONFIRMED,2,17:41:53600,365736.091302,0.0928771389014,3277832.63759,-9.73553799087,DSRC
18,CONFIRMED,1,17:41:53600,365736.091302,0.0928771389014,3277832.9523,-9.87562264564,DSRC
18,CONFIRMED,0,17:41:53600,365736.087111,0.117108782554,3277835.896,-9.75929738931,DSRC
18,CONFIRMED,2,17:41:53800,365736.060877,0.0196370263943,3277830.63455,-9.68425971789,DSRC
18,CONFIRMED,1,17:41:53800,365736.060877,0.0196370263943,3277831.34494,-9.69744714275,DSRC
18,CONFIRMED,0,17:41:53800,365736.054222,0.10178574161,3277833.9568,-9.71946704623,DSRC
18,CONFIRMED,2,17:41:54000,365736.016413,0.140362539261,3277828.66996,-9.68126725288,DSRC
18,CONFIRMED,1,17:41:54000,365736.016413,0.140362539261,3277829.44725,-9.74612622175,DSRC
18,CONFIRMED,0,17:41:54000,365735.992286,0.110267536851,3277832.01794,-9.71937452053,DSRC
18,CONFIRMED,2,17:41:54200,365735.957626,0.206716928985,3277826.88665,-9.59167995384,DSRC
18,CONFIRMED,1,17:41:54200,365735.957626,0.206716928985,3277827.23761,-9.68763229882,DSRC
18,CONFIRMED,0,17:41:54200,365735.940031,0.246038524906,3277830.07896,-9.63685970865,DSRC
18,CONFIRMED,2,17:41:54400,365735.894421,0.15014614968,3277824.92533,-9.63869812708,DSRC
18,CONFIRMED,1,17:41:54400,365735.894421,0.15014614968,3277825.46353,-9.71028359233,DSRC
18,CONFIRMED,0,17:41:54400,365735.87836,0.124338185708,3277828.16226,-9.65919976062,DSRC
18,CONFIRMED,2,17:41:54600,365735.835569,0.261821586471,3277823.05101,-9.61247024366,DSRC
18,CONFIRMED,1,17:41:54600,365735.835569,0.261821586471,3277823.63467,-9.6122485508,DSRC
18,CONFIRMED,0,17:41:54600,365735.826371,0.209422896332,3277826.24545,-9.59771545997,DSRC
18,CONFIRMED,2,17:41:54800,365735.778061,0.262566494658,3277821.14129,-9.60390780088,DSRC
18,CONFIRMED,1,17:41:54800,365735.778061,0.262566494658,3277821.62266,-9.50928734705,DSRC
18,CONFIRMED,0,17:41:54800,365735.774249,0.20104723088,3277824.31756,-9.59789456136,DSRC
18,CONFIRMED,2,17:41:55200,365735.668231,0.260723911199,3277819.19473,-9.61481015368,DSRC
18,CONFIRMED,1,17:41:55200,365735.668231,0.260723911199,3277819.72311,-9.48437269374,DSRC
18,CONFIRMED,0,17:41:55200,365735.641357,0.171015691123,3277820.49536,-9.55847025592,DSRC
18,CONFIRMED,2,17:41:55400,365735.58331,0.263972002922,3277817.31193,-9.63614628196,DSRC
18,CONFIRMED,1,17:41:55400,365735.58331,0.263972002922,3277817.80008,-9.52492813027,DSRC
18,CONFIRMED,0,17:41:55400,365735.570268,0.238239060056,3277818.60094,-9.57703723237,DSRC
18,CONFIRMED,2,17:41:55400,365735.557593,0.240401357676,3277815.32939,-9.62859145325,DSRC
18,CONFIRMED,1,17:41:55400,365735.557593,0.240401357676,3277816.16552,-9.61545006401,DSRC
18,CONFIRMED,0,17:41:55400,365735.570268,0.238239060056,3277818.60094,-9.57703723237,DSRC
18,CONFIRMED,2,17:41:55800,365735.479373,0.282482947257,3277813.42439,-9.5786760562,DSRC
18,CONFIRMED,1,17:41:55800,365735.479373,0.282482947257,3277814.19731,-9.6166433799,DSRC
18,CONFIRMED,0,17:41:55800,365735.466157,0.226173742403,3277814.75624,-9.59733533009,DSRC
18,CONFIRMED,2,17:41:55800,365735.450588,0.261750048489,3277811.58584,-9.57012478248,DSRC
18,CONFIRMED,1,17:41:55800,365735.450588,0.261750048489,3277812.36752,-9.51960900605,DSRC
18,CONFIRMED,0,17:41:55800,365735.466157,0.226173742403,3277814.75624,-9.59733533009,DSRC
18,CONFIRMED,2,17:41:56200,365735.358708,0.227133199974,3277809.69856,-9.59856413238,DSRC
18,CONFIRMED,1,17:41:56200,365735.358708,0.227133199974,3277810.65459,-9.62951303211,DSRC
18,CONFIRMED,0,17:41:56200,365735.333265,0.200628382483,3277810.93404,-9.57789894769,DSRC
18,CONFIRMED,2,17:41:56400,365735.291352,0.142678367048,3277807.74118,-9.5651306739,DSRC
18,CONFIRMED,1,17:41:56400,365735.291352,0.142678367048,3277808.83688,-9.5345371596,DSRC
18,CONFIRMED,0,17:41:56400,365735.281276,0.158835137238,3277809.01723,-9.57868317668,DSRC
18,CONFIRMED,2,17:41:56600,365735.240336,0.224002467722,3277805.86409,-9.59166807318,DSRC
18,CONFIRMED,1,17:41:56600,365735.240336,0.224002467722,3277807.22769,-9.53324724494,DSRC
18,CONFIRMED,0,17:41:56600,365735.229154,0.154978505151,3277807.08933,-9.59874896343,DSRC
18,CONFIRMED,2,17:41:56800,365735.183811,0.196720319251,3277803.92127,-9.59058939715,DSRC
18,CONFIRMED,1,17:41:56800,365735.183811,0.196720319251,3277805.41033,-9.5428161134,DSRC
18,CONFIRMED,0,17:41:56800,365735.177165,0.159166734602,3277805.17252,-9.59868042757,DSRC
18,CONFIRMED,2,17:41:57000,365735.142098,0.151472574684,3277801.94252,-9.57884775769,DSRC
18,CONFIRMED,1,17:41:57000,365735.142098,0.151472574684,3277803.64725,-9.61584920996,DSRC
18,CONFIRMED,0,17:41:57000,365735.134859,0.157399858247,3277803.25559,-9.61871224669,DSRC
18,CONFIRMED,2,17:41:57200,365735.083396,0.185173016637,3277799.97115,-9.58743056445,DSRC
18,CONFIRMED,1,17:41:57200,365735.083396,0.185173016637,3277801.64531,-9.587759647,DSRC
18,CONFIRMED,0,17:41:57200,365735.073054,0.0944426120234,3277801.32782,-9.61953640219,DSRC
18,CONFIRMED,2,17:41:57400,365735.040413,0.133500958402,3277798.06023,-9.57244207116,DSRC
18,CONFIRMED,1,17:41:57400,365735.040413,0.133500958402,3277799.77528,-9.6095475858,DSRC
18,CONFIRMED,0,17:41:57400,365735.04043,0.109359985107,3277799.41077,-9.63937966851,DSRC
18,CONFIRMED,2,17:41:57600,365735.002955,0.134834718597,3277796.13906,-9.69747256907,DSRC
18,CONFIRMED,1,17:41:57600,365735.002955,0.134834718597,3277797.92161,-9.59960407661,DSRC
18,CONFIRMED,0,17:41:57600,365734.998124,0.126445493219,3277797.49384,-9.65917240436,DSRC
18,CONFIRMED,2,17:41:57800,365734.959992,0.0687304761334,3277794.16358,-9.70519952514,DSRC
18,CONFIRMED,1,17:41:57800,365734.959992,0.0687304761334,3277796.03529,-9.63922966894,DSRC
18,CONFIRMED,0,17:41:57800,365734.955552,0.0782989832398,3277795.55475,-9.6996839778,DSRC
18,CONFIRMED,2,17:41:57800,365734.952129,0.0921024088061,3277792.14805,-9.66936053004,DSRC
18,CONFIRMED,1,17:41:57800,365734.952129,0.0921024088061,3277793.86355,-9.67492467517,DSRC
18,CONFIRMED,0,17:41:57800,365734.955552,0.0782989832398,3277795.55475,-9.6996839778,DSRC
18,CONFIRMED,2,17:41:58200,365734.896018,0.134119730532,3277790.14366,-9.70599081108,DSRC
18,CONFIRMED,1,17:41:58200,365734.896018,0.134119730532,3277791.88644,-9.76401156514,DSRC
18,CONFIRMED,0,17:41:58200,365734.880092,0.0764969946561,3277791.67645,-9.73969959546,DSRC
18,CONFIRMED,2,17:41:58400,365734.848138,0.0461531529893,3277788.21481,-9.68403579548,DSRC
18,CONFIRMED,1,17:41:58400,365734.848138,0.0461531529893,3277789.72776,-9.69825938277,DSRC
18,CONFIRMED,0,17:41:58400,365734.837255,0.050998287718,3277789.7152,-9.73986648649,DSRC
18,CONFIRMED,2,17:41:58600,365734.817078,0.00566946953899,3277786.28893,-9.77667482808,DSRC
18,CONFIRMED,1,17:41:58600,365734.817078,0.00566946953899,3277787.54519,-9.80470408478,DSRC
18,CONFIRMED,0,17:41:58600,365734.813783,0.0617493369767,3277787.75371,-9.75980466092,DSRC
18,CONFIRMED,2,17:41:58800,365734.788725,0.0544549201055,3277784.33445,-9.79690983743,DSRC
18,CONFIRMED,1,17:41:58800,365734.788725,0.0544549201055,3277785.68545,-9.78638120323,DSRC
18,CONFIRMED,0,17:41:58800,365734.780894,0.0768111506916,3277785.8145,-9.77969836177,DSRC
18,CONFIRMED,2,17:41:59000,365734.744773,0.0440697174022,3277782.39303,-9.82717796578,DSRC
18,CONFIRMED,1,17:41:59000,365734.744773,0.0440697174022,3277783.47201,-9.89617445472,DSRC
18,CONFIRMED,0,17:41:59000,365734.738189,0.0213366331798,3277783.86433,-9.77997672533,DSRC
18,CONFIRMED,2,17:41:59200,365734.722506,0.156712520036,3277780.4583,-9.82372009504,DSRC
18,CONFIRMED,1,17:41:59200,365734.722506,0.156712520036,3277781.30891,-9.95968969657,DSRC
18,CONFIRMED,0,17:41:59200,365734.714452,0.0322012672242,3277781.88068,-9.83994731075,DSRC
18,CONFIRMED,2,17:41:59400,365734.674576,0.0483980200132,3277778.5091,-9.86204730076,DSRC
18,CONFIRMED,1,17:41:59400,365734.674576,0.0483980200132,3277779.40934,-9.82438535636,DSRC
18,CONFIRMED,0,17:41:59400,365734.671483,0.0752884089793,3277779.90834,-9.8597125544,DSRC
18,CONFIRMED,2,17:41:59600,365734.647314,0.0255670628884,3277776.52353,-9.91320686036,DSRC
18,CONFIRMED,1,17:41:59600,365734.647314,0.0255670628884,3277777.52119,-9.81493682708,DSRC
18,CONFIRMED,0,17:41:59600,365734.638329,0.0193600522879,3277777.94697,-9.85998099331,DSRC
18,CONFIRMED,2,17:41:59800,365734.623352,0.0438220470623,3277774.4973,-9.93129180605,DSRC
18,CONFIRMED,1,17:41:59800,365734.623352,0.0438220470623,3277775.4509,-9.88077632591,DSRC
18,CONFIRMED,0,17:41:59800,365734.614724,0.0518360419311,3277775.9744,-9.89986429325,DSRC
18,CONFIRMED,2,17:41:59800,365734.615584,0.11555532841,3277772.45885,-9.93957493233,DSRC
18,CONFIRMED,1,17:41:59800,365734.615584,0.11555532841,3277773.78622,-9.91858526257,DSRC
18,CONFIRMED,0,17:41:59800,365734.614724,0.0518360419311,3277775.9744,-9.89986429325,DSRC
18,CONFIRMED,2,17:42:0,365734.579243,0.143440378896,3277770.41722,-9.93510939277,DSRC
18,CONFIRMED,1,17:42:0,365734.579243,0.143440378896,3277771.5383,-9.91738767387,DSRC
18,CONFIRMED,0,17:42:0,365734.57149,0.047420413708,3277773.9799,-9.87988619896,DSRC
18,CONFIRMED,2,17:42:400,365734.518831,0.0680727985004,3277768.42696,-9.92489262411,DSRC
18,CONFIRMED,1,17:42:400,365734.518831,0.0680727985004,3277769.36147,-9.94014477541,DSRC
18,CONFIRMED,0,17:42:400,365734.504783,0.0259704696032,3277770.02391,-9.91996600472,DSRC
18,CONFIRMED,2,17:42:600,365734.490135,0.113773997919,3277766.39721,-9.87948327657,DSRC
18,CONFIRMED,1,17:42:600,365734.490135,0.113773997919,3277767.02871,-9.92005747661,DSRC
18,CONFIRMED,0,17:42:600,365734.481179,0.0323976164146,3277768.05134,-9.89994698948,DSRC
18,CONFIRMED,2,17:42:800,365734.454446,0.184148919688,3277764.43003,-9.97713970361,DSRC
18,CONFIRMED,1,17:42:800,365734.454446,0.184148919688,3277764.96849,-9.85309300885,DSRC
18,CONFIRMED,0,17:42:800,365734.447627,0.0760519831069,3277766.05672,-9.95970963913,DSRC
18,CONFIRMED,2,17:42:1000,365734.428053,0.145777931654,3277762.38033,-9.92199332008,DSRC
18,CONFIRMED,1,17:42:1000,365734.428053,0.145777931654,3277762.99478,-9.8611295628,DSRC
18,CONFIRMED,0,17:42:1000,365734.423757,0.0260228294209,3277764.06199,-9.93996593618,DSRC
18,CONFIRMED,2,17:42:1000,365734.418479,0.10539760677,3277760.36143,-9.91092153647,DSRC
18,CONFIRMED,1,17:42:1000,365734.418479,0.10539760677,3277761.16164,-9.86334065442,DSRC
18,CONFIRMED,0,17:42:1000,365734.423757,0.0260228294209,3277764.06199,-9.93996593618,DSRC
18,CONFIRMED,2,17:42:1400,365734.372637,0.15646370525,3277758.30228,-9.91350264664,DSRC
18,CONFIRMED,1,17:42:1400,365734.372637,0.15646370525,3277759.1305,-9.86905920036,DSRC
18,CONFIRMED,0,17:42:1400,365734.356918,0.030421041563,3277760.09492,-9.95995354207,DSRC
18,CONFIRMED,2,17:42:1600,365734.325015,0.131382751083,3277756.28297,-9.96530580655,DSRC
18,CONFIRMED,1,17:42:1600,365734.325015,0.131382751083,3277757.28793,-9.9594815266,DSRC
18,CONFIRMED,0,17:42:1600,365734.313684,0.0370139852546,3277758.10042,-9.97993136073,DSRC
18,CONFIRMED,2,17:42:1800,365734.301536,0.165448770709,3277754.24893,-9.93664864649,DSRC
18,CONFIRMED,1,17:42:1800,365734.301536,0.165448770709,3277755.07412,-10.0435518609,DSRC
18,CONFIRMED,0,17:42:1800,365734.289814,0.0370139852546,3277756.10569,-9.97993136073,DSRC
18,CONFIRMED,2,17:42:1800,365734.282051,0.0357357596771,3277752.22154,-9.9216101848,DSRC
18,CONFIRMED,1,17:42:1800,365734.282051,0.0357357596771,3277753.05069,-10.0055184622,DSRC
18,CONFIRMED,0,17:42:1800,365734.289814,0.0370139852546,3277756.10569,-9.97993136073,DSRC
18,CONFIRMED,2,17:42:2200,365734.244361,0.116495200105,3277750.21071,-9.89038709752,DSRC
18,CONFIRMED,1,17:42:2200,365734.244361,0.116495200105,3277750.93889,-10.0341800286,DSRC
18,CONFIRMED,0,17:42:2200,365734.232127,0.0348367011239,3277752.09417,-9.97993919842,DSRC
18,CONFIRMED,2,17:42:2400,365734.211009,0.0180681157992,3277748.21458,-9.93800800873,DSRC
18,CONFIRMED,1,17:42:2400,365734.211009,0.0180681157992,3277749.09065,-9.95419446685,DSRC
18,CONFIRMED,0,17:42:2400,365734.208523,0.0348367011239,3277750.1216,-9.97993919842,DSRC
18,CONFIRMED,2,17:42:2600,365734.190597,0.00515832326513,3277746.2315,-9.89505083088,DSRC
18,CONFIRMED,1,17:42:2600,365734.190597,0.00515832326513,3277747.20526,-9.88940347798,DSRC
18,CONFIRMED,0,17:42:2600,365734.184388,0.0239982541799,3277748.10471,-9.99997120415,DSRC
18,CONFIRMED,2,17:42:2800,365734.145844,0.0568042228017,3277744.23703,-9.98789101923,DSRC
18,CONFIRMED,1,17:42:2800,365734.145844,0.0568042228017,3277745.4164,-9.9606451542,DSRC
18,CONFIRMED,0,17:42:2800,365734.121789,0.0850837744303,3277746.11044,-9.99963803102,DSRC
18,CONFIRMED,2,17:42:3000,365734.121309,0.00333982574377,3277742.18462,-9.92273646989,DSRC
18,CONFIRMED,1,17:42:3000,365734.121309,0.00333982574377,3277743.80825,-9.97848683071,DSRC
18,CONFIRMED,0,17:42:3000,365734.117284,-0.0130114258578,3277744.11547,-9.93999148404,DSRC
18,CONFIRMED,2,17:42:3200,365734.096249,-0.0341014986013,3277740.241,-9.87078682249,DSRC
18,CONFIRMED,1,17:42:3200,365734.096249,-0.0341014986013,3277741.45069,-10.0006230415,DSRC
18,CONFIRMED,0,17:42:3200,365734.074315,0.0347668880956,3277742.14314,-9.95993932027,DSRC
18,CONFIRMED,2,17:42:3400,365734.074456,-0.0416783461013,3277738.24999,-9.89466031501,DSRC
18,CONFIRMED,1,17:42:3400,365734.074456,-0.0416783461013,3277739.40129,-9.9536085212,DSRC
18,CONFIRMED,0,17:42:3400,365734.069811,-0.0195564017026,3277740.14817,-9.95998080054,DSRC
18,CONFIRMED,2,17:42:3600,365734.047611,0.00619258653216,3277736.3248,-9.87151234524,DSRC
18,CONFIRMED,1,17:42:3600,365734.047611,0.00619258653216,3277737.44557,-10.0070486042,DSRC
18,CONFIRMED,0,17:42:3600,365734.026576,0.0370139852546,3277738.15367,-9.97993136073,DSRC
18,CONFIRMED,2,17:42:3800,365734.022011,0.033128247181,3277734.32457,-9.94459575907,DSRC
18,CONFIRMED,1,17:42:3800,365734.022011,0.033128247181,3277735.26833,-9.97758407728,DSRC
18,CONFIRMED,0,17:42:3800,365734.002707,0.0108428558277,3277736.15894,-9.93999408614,DSRC
18,CONFIRMED,2,17:42:4000,365733.993902,0.124355710675,3277732.38764,-9.90856151422,DSRC
18,CONFIRMED,1,17:42:4000,365733.993902,0.124355710675,3277733.39298,-9.96894167463,DSRC
18,CONFIRMED,0,17:42:4000,365733.978838,0.0347668880956,3277734.16421,-9.95993932027,DSRC
18,CONFIRMED,2,17:42:4200,365733.958784,0.0375609223587,3277730.34641,-9.92642352119,DSRC
18,CONFIRMED,1,17:42:4200,365733.958784,0.0375609223587,3277731.53524,-9.9226404809,DSRC
18,CONFIRMED,0,17:42:4200,365733.954968,-0.010864672439,3277732.16947,-9.95999407424,DSRC
18,CONFIRMED,2,17:42:4400,365733.933034,0.0123231529208,3277728.37003,-9.86079377428,DSRC
18,CONFIRMED,1,17:42:4400,365733.933034,0.0123231529208,3277729.68257,-9.89599770122,DSRC
18,CONFIRMED,0,17:42:4400,365733.921416,0.0455398441934,3277730.17486,-9.93989567966,DSRC
18,CONFIRMED,2,17:42:4600,365733.904343,0.0142513694094,3277726.41621,-9.7998046251,DSRC
18,CONFIRMED,1,17:42:4600,365733.904343,0.0142513694094,3277727.62197,-9.98362901612,DSRC
18,CONFIRMED,0,17:42:4600,365733.89768,0.0344876359824,3277728.1912,-9.87993980766,DSRC
18,CONFIRMED,2,17:42:4800,365733.890205,0.0250677029516,3277724.44035,-9.72299558806,DSRC
18,CONFIRMED,1,17:42:4800,365733.890205,0.0250677029516,3277725.79972,-9.88681178498,DSRC
18,CONFIRMED,0,17:42:4800,365733.874341,0.00860447212022,3277726.2408,-9.85999624559,DSRC
18,CONFIRMED,2,17:42:5000,365733.859008,-0.0816959112878,3277722.51002,-9.79101582573,DSRC
18,CONFIRMED,1,17:42:5000,365733.859008,-0.0816959112878,3277723.7295,-9.88364466746,DSRC
18,CONFIRMED,0,17:42:5000,365733.850604,0.0215111659666,3277724.25715,-9.85997653495,DSRC
18,CONFIRMED,2,17:42:5200,365733.828706,-0.0739109368276,3277720.56042,-9.74379555872,DSRC
18,CONFIRMED,1,17:42:5200,365733.828706,-0.0739109368276,3277721.66122,-9.88788992331,DSRC
18,CONFIRMED,0,17:42:5200,365733.8079,0.0235182890963,3277722.30698,-9.79997178007,DSRC
18,CONFIRMED,2,17:42:5400,365733.814734,-0.0301750046366,3277718.6213,-9.65726003147,DSRC
18,CONFIRMED,1,17:42:5400,365733.814734,-0.0301750046366,3277719.65456,-9.8785882951,DSRC
18,CONFIRMED,0,17:42:5400,365733.803794,-0.0192029727561,3277720.34526,-9.77998114752,DSRC
18,CONFIRMED,2,17:42:5600,365733.794768,-0.0573782127394,3277716.63056,-9.61487069094,DSRC
18,CONFIRMED,1,17:42:5600,365733.794768,-0.0573782127394,3277717.90674,-9.74626792778,DSRC
18,CONFIRMED,0,17:42:5600,365733.780322,5.97627637984e-16,3277718.38377,-9.76,DSRC
18,CONFIRMED,2,17:42:5800,365733.755999,0.0361397626265,3277714.73397,-9.60118600304,DSRC
18,CONFIRMED,1,17:42:5800,365733.755999,0.0361397626265,3277715.90236,-9.68178435911,DSRC
18,CONFIRMED,0,17:42:5800,365733.737751,0.0466524717856,3277716.44468,-9.71988804189,DSRC
18,CONFIRMED,2,17:42:6000,365733.725474,0.00171326094418,3277712.81344,-9.56661417134,DSRC
18,CONFIRMED,1,17:42:6000,365733.725474,0.00171326094418,3277714.00788,-9.72830207976,DSRC
18,CONFIRMED,0,17:42:6000,365733.714412,0.0468444572662,3277714.49427,-9.75988758116,DSRC
18,CONFIRMED,2,17:42:6200,365733.699063,-0.0166722410113,3277710.93984,-9.49674821462,DSRC
18,CONFIRMED,1,17:42:6200,365733.699063,-0.0166722410113,3277712.07422,-9.55874039572,DSRC
18,CONFIRMED,0,17:42:6200,365733.691338,0.0168598720146,3277712.56603,-9.65998528698,DSRC
18,CONFIRMED,2,17:42:6400,365733.66812,0.015716306926,3277709.01864,-9.37875074893,DSRC
18,CONFIRMED,1,17:42:6400,365733.66812,0.015716306926,3277710.25162,-9.5787107882,DSRC
18,CONFIRMED,0,17:42:6400,365733.648767,0.0443486611461,3277710.62694,-9.67989840836,DSRC
18,CONFIRMED,2,17:42:6600,365733.652653,-0.000597775657552,3277707.10504,-9.43769513533,DSRC
18,CONFIRMED,1,17:42:6600,365733.652653,-0.000597775657552,3277708.33598,-9.69955103727,DSRC
18,CONFIRMED,0,17:42:6600,365733.645191,-0.0502652527816,3277708.70955,-9.59986840558,DSRC
18,CONFIRMED,2,17:42:6800,365733.62907,0.0947630405534,3277705.1989,-9.47308856502,DSRC
18,CONFIRMED,1,17:42:6800,365733.62907,0.0947630405534,3277706.59429,-9.62649364942,DSRC
18,CONFIRMED,0,17:42:6800,365733.622383,-0.00621773501632,3277706.80347,-9.49999796525,DSRC
18,CONFIRMED,2,17:42:7000,365733.604571,0.0677648227045,3277703.3576,-9.42968884608,DSRC
18,CONFIRMED,1,17:42:7000,365733.604571,0.0677648227045,3277704.6241,-9.63126463138,DSRC
18,CONFIRMED,0,17:42:7000,365733.599442,0.0250279928837,3277704.88631,-9.55996723842,DSRC
18,CONFIRMED,2,17:42:7200,365733.581123,-0.0709070095249,3277701.46759,-9.47043112287,DSRC
18,CONFIRMED,1,17:42:7200,365733.581123,-0.0709070095249,3277702.53253,-9.55298992245,DSRC
18,CONFIRMED,0,17:42:7200,365733.576634,-0.0166155260434,3277702.98023,-9.51998550021,DSRC
18,CONFIRMED,2,17:42:7400,365733.558423,0.0920541007309,3277699.59406,-9.3393079621,DSRC
18,CONFIRMED,1,17:42:7400,365733.558423,0.0920541007309,3277700.74317,-9.52207035123,DSRC
18,CONFIRMED,0,17:42:7400,365733.534725,0.0868638213429,3277701.09655,-9.47960203155,DSRC
18,CONFIRMED,2,17:42:7600,365733.533286,0.0205474388224,3277697.65843,-9.14724738468,DSRC
18,CONFIRMED,1,17:42:7600,365733.533286,0.0205474388224,3277698.86437,-9.43561210823,DSRC
18,CONFIRMED,0,17:42:7600,365733.531547,-0.0247138339772,3277699.2124,-9.43996764965,DSRC
18,CONFIRMED,2,17:42:7800,365733.52821,-0.0661672962979,3277695.73585,-9.17858611271,DSRC
18,CONFIRMED,1,17:42:7800,365733.52821,-0.0661672962979,3277697.15666,-9.4938092988,DSRC
18,CONFIRMED,0,17:42:7800,365733.528237,-0.0827275565246,3277697.31718,-9.47963903065,DSRC
18,CONFIRMED,2,17:42:7800,365733.533136,-0.101080867434,3277693.87109,-9.16914993466,DSRC
18,CONFIRMED,1,17:42:7800,365733.533136,-0.101080867434,3277695.27913,-9.48985432785,DSRC
18,CONFIRMED,0,17:42:7800,365733.528237,-0.0827275565246,3277697.31718,-9.47963903065,DSRC
18,CONFIRMED,2,17:42:8200,365733.511078,-0.147978683617,3277691.98018,-9.16341094064,DSRC
18,CONFIRMED,1,17:42:8200,365733.511078,-0.147978683617,3277693.22995,-9.42978352621,DSRC
18,CONFIRMED,0,17:42:8200,365733.492966,-0.0571766306967,3277693.56031,-9.35982536338,DSRC
18,CONFIRMED,2,17:42:8400,365733.492728,-0.0156487927348,3277690.14561,-9.16589637843,DSRC
18,CONFIRMED,1,17:42:8400,365733.492728,-0.0156487927348,3277691.29629,-9.44895498794,DSRC
18,CONFIRMED,0,17:42:8400,365733.470423,5.75583995599e-16,3277691.6764,-9.4,DSRC
18,CONFIRMED,2,17:42:8600,365733.476692,0.0139815741853,3277688.25742,-9.14549874395,DSRC
18,CONFIRMED,1,17:42:8600,365733.476692,0.0139815741853,3277689.5443,-9.43886695216,DSRC
18,CONFIRMED,0,17:42:8600,365733.467245,-0.0638436573316,3277689.79225,-9.43978410703,DSRC
18,CONFIRMED,2,17:42:8800,365733.488802,-0.145630450246,3277686.44208,-9.1237459853,DSRC
18,CONFIRMED,1,17:42:8800,365733.488802,-0.145630450246,3277686.862,-9.5364986886,DSRC
18,CONFIRMED,0,17:42:8800,365733.492452,-0.268047731746,3277687.85235,-9.59625710439,DSRC
18,CONFIRMED,2,17:42:9000,365733.544877,-0.333066193714,3277684.6516,-9.09491766215,DSRC
18,CONFIRMED,1,17:42:9000,365733.544877,-0.333066193714,3277685.0155,-9.48459767159,DSRC
18,CONFIRMED,0,17:42:9000,365733.547237,-0.47334747923,3277685.95643,-9.50822497441,DSRC
18,CONFIRMED,2,17:42:9200,365733.633247,-0.461621139597,3277682.76374,-9.07851128353,DSRC
18,CONFIRMED,1,17:42:9200,365733.633247,-0.461621139597,3277683.06426,-9.39387150861,DSRC
18,CONFIRMED,0,17:42:9200,365733.641018,-0.539950572881,3277684.08221,-9.36444623984,DSRC
18,CONFIRMED,2,17:42:9400,365733.752672,-0.613687943207,3277680.94209,-9.13795937985,DSRC
18,CONFIRMED,1,17:42:9400,365733.752672,-0.613687943207,3277681.37795,-9.25753050848,DSRC
18,CONFIRMED,0,17:42:9400,365733.763714,-0.700709986705,3277682.19655,-9.37384688986,DSRC
18,CONFIRMED,2,17:42:9600,365733.871553,-0.656883332218,3277679.11997,-9.08317800655,DSRC
18,CONFIRMED,1,17:42:9600,365733.871553,-0.656883332218,3277679.46973,-9.21278258804,DSRC
18,CONFIRMED,0,17:42:9600,365733.86731,-0.663721152514,3277680.3333,-9.31638740241,DSRC
18,CONFIRMED,2,17:42:9800,365733.993516,-0.65788742781,3277677.29377,-9.17889309782,DSRC
18,CONFIRMED,1,17:42:9800,365733.993516,-0.65788742781,3277677.51216,-9.38945129142,DSRC
18,CONFIRMED,0,17:42:9800,365733.989608,-0.713530124832,3277678.4144,-9.57344633666,DSRC
18,CONFIRMED,2,17:42:10000,365734.097873,-0.617928949318,3277675.4566,-9.192745042,DSRC
18,CONFIRMED,1,17:42:10000,365734.097873,-0.617928949318,3277675.73312,-9.43801863707,DSRC
18,CONFIRMED,0,17:42:10000,365734.083256,-0.551628500572,3277676.52909,-9.42386895056,DSRC
18,CONFIRMED,2,17:42:10200,365734.188128,-0.629787187985,3277673.62149,-9.15842988866,DSRC
18,CONFIRMED,1,17:42:10200,365734.188128,-0.629787187985,3277673.68,-9.41755250609,DSRC
18,CONFIRMED,0,17:42:10200,365734.177037,-0.5718093212,3277674.65487,-9.3825920779,DSRC
18,CONFIRMED,2,17:42:10400,365734.285602,-0.533011006704,3277671.8008,-9.04840592769,DSRC
18,CONFIRMED,1,17:42:10400,365734.285602,-0.533011006704,3277671.83417,-9.44169461462,DSRC
18,CONFIRMED,0,17:42:10400,365734.26087,-0.553965909473,3277672.7586,-9.46380059866,DSRC
18,CONFIRMED,2,17:42:10600,365734.350224,-0.423347973491,3277669.99112,-9.04845253864,DSRC
18,CONFIRMED,1,17:42:10600,365734.350224,-0.423347973491,3277669.71532,-9.46692129269,DSRC
18,CONFIRMED,0,17:42:10600,365734.335286,-0.500149605813,3277670.88461,-9.38668473806,DSRC
18,CONFIRMED,2,17:42:10800,365734.416346,-0.472362360565,3277668.17914,-9.07136447643,DSRC
18,CONFIRMED,1,17:42:10800,365734.416346,-0.472362360565,3277667.71053,-9.38060039933,DSRC
18,CONFIRMED,0,17:42:10800,365734.40957,-0.497109278181,3277668.99954,-9.40687420802,DSRC
18,CONFIRMED,2,17:42:11000,365734.506282,-0.491222831923,3277666.37025,-9.017526379,DSRC
18,CONFIRMED,1,17:42:11000,365734.506282,-0.491222831923,3277666.08902,-9.36970840659,DSRC
18,CONFIRMED,0,17:42:11000,365734.503218,-0.520626968616,3277667.11423,-9.38557124311,DSRC
18,CONFIRMED,1,17:42:11200,365734.583358,-0.555566307453,3277664.35188,-9.32675465106,DSRC
18,CONFIRMED,0,17:42:11200,365734.577767,-0.523407338903,3277665.25132,-9.32532276962,DSRC
18,CONFIRMED,1,17:42:11400,365734.659994,-0.603106931789,3277662.4734,-9.34016413778,DSRC
18,CONFIRMED,0,17:42:11400,365734.652316,-0.411194294564,3277663.38842,-9.37098283277,DSRC
18,CONFIRMED,1,17:42:11600,365734.774735,-0.661905856259,3277660.5986,-9.4078392453,DSRC
18,CONFIRMED,0,17:42:11600,NaN,NaN,NaN,NaN,DSRC
18,CONFIRMED,1,17:42:11800,365734.911988,-0.613186176947,3277658.72156,-9.36251043496,DSRC
18,CONFIRMED,0,17:42:11800,NaN,NaN,NaN,NaN,DSRC
18,CONFIRMED,1,17:42:12000,365735.041781,-0.541628479924,3277656.86045,-9.2486645184,DSRC
18,CONFIRMED,0,17:42:12000,NaN,NaN,NaN,NaN,DSRC
18,CONFIRMED,1,17:42:12200,365735.143381,-0.608883373124,3277655.00477,-9.30809989732,DSRC
18,CONFIRMED,0,17:42:12200,NaN,NaN,NaN,NaN,DSRC
18,ZOMBIE,1,17:42:12400,365735.268453,-0.575936564272,3277653.14772,-9.26240229909,DSRC
18,ZOMBIE,0,17:42:12400,NaN,NaN,NaN,NaN,DSRC
18,ZOMBIE,1,17:42:12600,365735.385137,-0.560963648676,3277651.29457,-9.2690801666,DSRC
18,ZOMBIE,0,17:42:12600,NaN,NaN,NaN,NaN,DSRC
18,ZOMBIE,1,17:42:12800,365735.501403,-0.520236753376,3277649.43875,-9.28915070267,DSRC
18,ZOMBIE,0,17:42:12800,NaN,NaN,NaN,NaN,DSRC
18,ZOMBIE,1,17:42:13000,365735.606906,-0.50568146235,3277647.57854,-9.31294667897,DSRC
18,ZOMBIE,0,17:42:13000,NaN,NaN,NaN,NaN,DSRC
18,ZOMBIE,1,17:42:13200,365735.698921,-0.596892931104,3277645.71856,-9.28684912792,DSRC
18,ZOMBIE,0,17:42:13200,NaN,NaN,NaN,NaN,DSRC
